model,n_params,metric,mean,std
transolver,7350420,mse_u,0.12016824121383607,0.004720063213742977
transolver,7350420,mse_v,0.08798200304922725,0.012678909361556644
transolver,7350420,mse_p,628.4532782982363,29.180851632055102
transolver,7350420,mse_nut,5.732712792998776e-09,5.901230924102162e-10
transolver,7350420,surface_mse_p,9110.480761450532,503.28941029651793
transolver,7350420,rho_cl,0.9991544788619717,0.00017288144602891118
transolver,7350420,rho_cd,0.9963079076976925,0.0012252189833412436
transolver,7350420,cl_rel_err_mean,0.05810882769290773,0.005720598760737879
transolver,7350420,cd_rel_err_mean,0.08989774898370333,0.028028406874839613
