run_id,ratio_length_back_fast,ratio_height_nose_windshield,ratio_height_fast_back,side_taper,clearance,bottom_taper_angle,frontal_area,cd,cl,cs,cmy
0,0.4048268195368154,0.4618718859680671,0.5505324470963537,73.17005386809745,54.41694901144185,42.25716095836122,0.11415600384817493,0.2818169578178322,0.48822197919945154,0.0008234405065462456,-0.07294317299334006
1,0.2648268195368152,0.3818718859680672,0.0362467328106395,86.8064175044611,185.95541054990335,45.13951389953769,0.11834229570404219,0.32251110051821463,-0.061135997912917385,-0.059431832381329826,-0.04094381732630274
2,0.451493486203482,0.5418718859680671,0.6791038756677823,91.35187204991564,156.72464131913415,27.84539625247887,0.11741143717883727,0.33010659710393736,-0.06421676368290545,-0.058600969321564035,-0.02905042393110377
3,0.1714934862034819,0.6218718859680672,0.1648181613820681,95.8973265953702,98.2631028575957,19.198337428949447,0.11554969193205832,0.30081598817478755,0.09850493043033436,-0.08508728478852118,-0.04880664592823982
4,0.311493486203482,0.5098718859680671,0.807675304239211,50.442781140824735,25.186179780672635,7.668925664243569,0.11322249304186348,0.31424155982132473,-0.3420653242009144,-0.1175629272007612,-0.04557496653250944
5,0.4981601528701487,0.3498718859680672,0.2933895899534965,64.07914477718836,142.1092567037495,48.02186684071416,0.11694602904789964,0.2450244117448047,0.15087557493262413,0.05651330318024736,-0.08619978141460595
6,0.2181601528701486,0.4298718859680672,0.5688997940351294,54.98823568627928,127.49387208836492,4.7865727230671,0.11648049951958471,0.31317566930409746,0.046782322314824834,0.005499777016970751,-0.0589582864039574
7,0.3581601528701487,0.5898718859680672,0.4403283654637006,82.26096295900655,39.80156439605724,1.904219781890628,0.11368793164242186,0.32239557512463696,0.471526989562819,-0.08479985144396236,-0.05563912367010274
8,0.0937157084257042,0.5258718859680671,0.6974712226065578,59.53369023173383,10.570795165288011,10.551278605420038,0.11275711492931535,0.3059067565057045,-0.2052236398374931,-0.05801844340514662,-0.101078007749432
9,0.2337157084257041,0.3658718859680672,0.1831855083208436,72.7568307276016,69.03233362682647,39.37480801718475,0.11461877050725072,0.31636473290352285,0.22952356250918485,-0.0515281842245974,-0.040446712272531195
10,0.4203823750923709,0.4458718859680671,0.8260426511779865,68.21137618214705,171.34002593451876,22.08069037012592,0.1178769732440743,0.4603292850836657,0.7002446110511414,-0.024055769202871682,-0.03911657890985697
11,0.2803823750923708,0.6858718859680671,0.5321651001575782,90.93864890941978,125.24535137830576,36.49245507600828,0.11640888048799722,0.34706984936580376,0.596903704726063,-0.034599667589926275,-0.05203020738004671
12,0.4670490417590376,0.4938718859680672,0.4035936715861495,95.48410345487432,198.3222744552288,30.72774919365534,0.11873614057101924,0.3122229208561557,0.4798565868693217,0.08806447996315543,-0.07082148196226257
13,0.1870490417590374,0.3338718859680672,0.017879385871864,50.02955800032887,169.09150522445958,13.433631546596509,0.11780535670772191,0.31203077595680556,-0.17145260072616803,-0.06275541904048933,-0.03228709838222932
14,0.3270490417590376,0.4138718859680672,0.6607365287290068,63.6659216366925,110.62996676292111,44.12221286147541,0.11594357127100122,0.35016442932342345,-0.2577483724833305,-0.0698885872970877,-0.019349739651412574
15,0.3892712639812599,0.5738718859680672,0.1464508144432926,54.57501254578341,37.55304368599806,18.18103639088717,0.11361637720616535,0.2786826580992364,-0.32351731430233444,-0.11971056151745622,-0.06534122361692113
16,0.2492712639812597,0.4778718859680672,0.275022243014721,77.30228527305613,139.86073599369035,29.710448155593053,0.11687440756300015,0.3018925086604092,0.33136511887102843,-0.038010205495183164,-0.05100085824153773
17,0.4359379306479264,0.3178718859680672,0.6423691817902314,59.12046709123796,52.16842830138268,21.06338933206364,0.11408175175997874,0.33209395375694245,-0.37212372817994804,-0.10157588122273507,-0.025316818536198542
18,0.1559379306479264,0.3978718859680672,0.5137977532188027,76.06261585156854,96.01458214753652,9.533977567357754,0.11547805402104237,0.3136440656262618,-0.06490823107206029,0.044797316075893254,-0.09382773786787603
19,0.2959379306479265,0.5578718859680671,0.1280834675045171,71.51716130611399,22.937659070613464,49.886918743828346,0.11315086711079214,0.2705974574479903,-0.06009549527326935,-0.09107255264135473,-0.07286300043474404
20,0.4826045973145931,0.6378718859680672,0.7709406103616598,89.69897948793218,81.39919753215192,6.651624626181286,0.11501266567498666,0.3898259020684737,0.749822266085117,-0.02171868424467049,-0.05275751916316346
21,0.3996416343516302,0.3882718859680672,0.3852263246473741,53.33534312429581,126.36961173333536,12.416330508534228,0.11644468761568089,0.31455513345047653,0.5040193250297967,-0.014137031851520328,-0.03883355232767017
22,0.1196416343516301,0.5482718859680672,0.6056344879126803,66.97170676065944,199.4465348102584,41.23985992029893,0.11876817208041052,0.31595095181754274,-0.057091344004713086,0.06515354375182046,-0.07734564852354885
23,0.25964163435163,0.6282718859680672,0.4770630593412517,57.88079766975036,170.2157655794892,23.945742273240107,0.1178411322540062,0.33648183010392313,-0.23490933113348708,-0.03989969123278047,-0.03249205586844409
24,0.4463083010182968,0.5162718859680672,0.091348773626966,85.15352494247762,111.75422711795072,26.82809521441658,0.1159790841860104,0.2918598955423055,-0.2104724347551785,0.03797828794729686,-0.0914835743680619
25,0.1663083010182968,0.3562718859680672,0.7342059164841088,80.60807039702308,38.67730404102765,38.35750697912246,0.11365212024274177,0.3344693352155783,-0.4138541184427161,0.006068633936297586,-0.08009255002878192
26,0.3063083010182968,0.4362718859680672,0.2199202021983946,62.4262522152049,155.60038096410457,32.59280109676952,0.11737566431924278,0.27928092928152076,0.2489394851547623,0.061052630265235254,-0.07888374736696724
27,0.2129749676849634,0.6762718859680672,0.348491630769823,72.34360758710572,53.29268865641227,42.93536165040274,0.11411762526491895,0.30761802854537734,0.3409688921028396,-0.009587626081224326,-0.09201778421726421
28,0.3529749676849635,0.5322718859680672,0.6240018348514558,90.52542576892392,97.1388425025661,16.9941851798145,0.11551384745863082,0.32146970444565415,-0.15431118260062124,-0.08558246279357136,-0.031288609410517365
29,0.3685305232405191,0.3722718859680672,0.4954304062800272,95.07088031437846,24.061919425643048,45.81771459157921,0.11318669630516096,0.28376427720758296,0.3907249107566069,-0.09917746651908932,-0.05794586320836522
30,0.4151971899071858,0.6922718859680672,0.23828754913717,67.79815304165118,63.411031851678544,8.347126356285091,0.11443973904666373,0.2552090738859171,0.08963174187976404,0.02893191093131876,-0.0915573365528702
31,0.1351971899071857,0.5002718859680672,0.8811446919943129,58.70724395074209,121.872570313217,48.70006753275568,0.11443973904666373,0.2552090738859171,0.08963174187976404,0.02893191093131876,-0.0915573365528702
32,0.4618638565738524,0.4202718859680672,0.5872671409739048,81.43451667801482,165.71872415937082,2.582420473932151,0.11769795779303809,0.30652436168357433,0.628683409323993,0.07011995591055332,-0.0748407669655181
33,0.1818638565738523,0.5802718859680671,0.4586957124024762,63.25269849619664,107.25718569783236,34.288302826873334,0.11583612993150322,0.31459297846975687,-0.22058158275507317,0.055552595859381874,-0.07756698593594158
34,0.3218638565738524,0.6602718859680672,0.0729814266881905,75.64939271107266,34.18026262090931,11.22947929746156,0.11350884900066252,0.28862288267629244,-0.2949410630437822,-0.1331933121462525,-0.058587606978012456
35,0.3840860787960747,0.4842718859680671,0.7158385695453333,71.10393816561813,151.1033395439862,40.05300870922627,0.11723241327480668,0.32250717941769025,-0.07242119446135081,-0.07397170046867035,-0.015250621675291476
36,0.1040860787960746,0.3242718859680672,0.2015528552596191,89.2857563474363,136.4879549286016,22.75889106216744,0.11676695210224707,0.33106535857068453,0.17128610994732077,-0.01925146767332635,-0.06153261547031782
37,0.2440860787960745,0.4042718859680672,0.8444099981167619,93.83121089289084,48.79564723629393,25.64124400334392,0.11397431289492786,0.3065194107222643,-0.2626398146504892,-0.08098194758669033,-0.04681252154451543
38,0.4307527454627413,0.5642718859680672,0.3301242838310476,98.3766654383454,92.64180108244776,37.1706557680498,0.11537065663004846,0.261673710448034,0.19848301826507125,-0.07270708251306222,-0.04666693402602917
39,0.2907527454627413,0.4650718859680672,0.4088414849972283,66.55848362016357,78.02641646706316,14.11183223863803,0.11490522528314123,0.28825809077465386,0.32116288168206764,-0.040282905875235246,-0.06600566450588291
40,0.4774194121294079,0.3050718859680671,0.0231271992829427,57.46757452925449,180.33410877475544,41.40941009330931,0.11816325307340171,0.29846055204634087,-0.13175400967427037,0.0654702696268821,-0.06637052755434768
41,0.1974194121294078,0.3850718859680672,0.6659843421400855,84.74030180198176,62.28677149664895,15.468233622721076,0.11440396639942113,0.31407502971756435,-0.15023528200201217,-0.11427341498256788,-0.05055982179168517
42,0.337419412129408,0.5450718859680672,0.1516986278543713,80.19484725652721,120.7483099581874,44.29176303448578,0.11626568515977291,0.32808506464292225,0.1925944135888433,-0.11802511165980645,-0.008647402311275972
43,0.2544564491664449,0.3530718859680672,0.5557802605074325,70.69071502512226,106.13292534280278,6.821174799191668,0.11580032400597602,0.3198305273360122,-0.018793505098900296,-0.0847345193171675,-0.037214468195264555
44,0.1611231158331116,0.5930718859680673,0.0414945462217182,93.41798775239498,149.9790791889566,3.9388218580151952,0.11719666799642839,0.28912543567948457,0.016741531607999578,0.051167207889730504,-0.08614174691948116
45,0.3011231158331117,0.6730718859680671,0.684351689078861,97.96344229784953,135.36369457357202,1.056468916838725,0.11673113816752394,0.3158644399004216,-0.0736163096306841,0.0485289215833759,-0.0702166640002092
46,0.4877897824997783,0.5290718859680672,0.1700659747931468,52.50889684330407,47.67138688126433,32.762351269779906,0.113938573460914,0.27680617233250204,-0.08322975910084983,-0.11407860719455575,-0.05544431459025417
47,0.2077897824997782,0.3690718859680672,0.8129231176502896,66.14526047966771,91.51754072741818,9.703527740368136,0.1153348199596706,0.31415217131359646,-0.27885054072334736,0.01442214530676175,-0.05568009687361177
48,0.3477897824997784,0.4490718859680672,0.2986374033645752,57.05435138875862,18.440617650495117,38.52705715213284,0.11300761846916774,0.24389824124486215,0.04829143467997585,-0.09093749761475008,-0.08311010982981161
49,0.3633453380553339,0.6090718859680673,0.5190455666298814,84.32707866148588,76.90215611203357,21.23293950507401,0.11486944412343301,0.30680541071672723,-0.12208943128690694,0.0169651349200773,-0.07410270255623323
50,0.2233453380553338,0.4970718859680672,0.0047598523441672,61.599805934213165,60.03825078658978,35.64470421095637,0.11433228555425405,0.35633224632278876,-0.42535546882425235,-0.10292307633457672,-0.022439611748490296
51,0.4100120047220005,0.3370718859680672,0.6476169952013099,74.40972328958506,118.49978924812824,29.879998328603435,0.11619420023193515,0.29873366648039246,0.6511574161189386,0.017457530656607878,-0.06453184947274371
52,0.2700120047220004,0.5770718859680672,0.7761884237727386,88.0460869259487,162.3459430942821,42.08761078535083,0.11759052924630269,0.340562291465148,0.08546580176986172,-0.037052100271540926,-0.04960182496960236
53,0.4566786713886672,0.6570718859680671,0.2619027094870242,92.59154147140325,103.88440463274362,16.146434314762597,0.1157287263583402,0.29475469918063746,0.23523871288947415,0.05429606640353633,-0.07877422039653573
54,0.3166786713886673,0.3210718859680672,0.5006782196911059,51.68245056231234,147.73055847889745,27.675846079468485,0.1171249998937199,0.3222114510629513,-0.11787973419293966,-0.05789356259636267,-0.028893581581626207
55,0.3789008936108895,0.4010718859680672,0.1149639339768203,65.31881419867597,133.11517386351284,19.028787255939065,0.1166595940402442,0.27451593189131335,-0.07366594362559262,-0.06402521060696989,-0.03609827771540436
56,0.2389008936108893,0.6410718859680672,0.2435353625482487,83.50063238049415,89.26902001735901,47.85231666770378,0.1152633643111738,0.28356892360283975,0.22402248852899245,-0.010806791284055194,-0.07951496064232189
57,0.4255675602775561,0.4714718859680672,0.8863925054053916,78.9551778350396,16.19209694043594,4.617022550056719,0.11293597734915543,0.30592054062832064,-0.21504540494358249,-0.09678189475158955,-0.05322394021956374
58,0.145567560277556,0.3114718859680672,0.3721067911196773,60.77335965322143,74.6536354019744,1.7346696088802476,0.11479785099202132,0.31969768272754506,-0.021396597259651772,-0.09899875843709922,-0.043683372503538966
59,0.285567560277556,0.3914718859680672,0.5925149543849835,73.9965001490892,176.9613277096667,33.44055196182143,0.11805594569473567,0.3226802440206719,-0.18641670841687688,0.0348272074792075,-0.04543503072523754
60,0.4722342269442228,0.5514718859680672,0.4639435258135549,69.45104560363465,64.53529220670814,10.381728432409655,0.11447556104393689,0.3038382675309497,0.156104800689761,0.1861885651259405,-0.1419644622723544
61,0.1922342269442226,0.6314718859680672,0.0782292400992692,87.63286378545283,122.9968306682466,39.20525784417436,0.11633730633996472,0.3059780581961592,0.05574534213823023,-0.09456186332746912,-0.029428733008548646
62,0.3322342269442228,0.5194718859680671,0.7210863829564119,92.1783183309074,196.07375374516965,21.91114019711554,0.11866453393306199,0.3323424000533435,-0.07272297113877373,-0.05348352693960486,-0.0340490372245893
63,0.1265552145985437,0.4394718859680672,0.8496578115278406,51.26922742181648,108.38144605286196,36.32290490299789,0.1158719398888124,0.3322765239468199,-0.23898285527445506,-0.07213608780555322,-0.05751584157512831
64,0.2665552145985436,0.5994718859680672,0.3353720972421262,64.90559105818011,35.304522975938895,30.55819902064496,0.11354467542706775,0.28343054325867023,-0.08631927611235239,-0.018409900376268964,-0.08214347999339497
65,0.4532218812652104,0.6794718859680672,0.610882301323759,55.81468196727101,152.2275998990158,13.264081373586126,0.11726824021246213,0.2833643628704465,0.5792254034205219,0.018838281878742483,-0.06276691512967315
66,0.4998885479318771,0.4554718859680672,0.7394537298951875,60.36013651272556,93.76606143747736,45.98726476458959,0.11540643976376862,0.3878880836682053,0.9046842979078029,-0.007890394187274635,-0.04746563760592318
67,0.219888547931877,0.6154718859680672,0.2251680156094731,73.58327700859333,20.689138360554285,28.69314711753077,0.11307929694392625,0.2998627469111196,0.1288628699478127,-0.10637927529572425,-0.06822376519309623
68,0.3754441034874327,0.5034718859680671,0.3537394441809018,87.21964064495697,181.45836912978504,8.516676529295472,0.11819911758543308,0.28041830966648257,0.3565441695279378,0.08090601783002985,-0.08439154683298149
69,0.2354441034874325,0.4234718859680672,0.4455761788747793,96.31054973586606,124.12109102327616,5.634323588119004,0.11637312935571699,0.3119422884914446,0.1423235047302852,0.04747295512762457,-0.0782590342278201
70,0.4221107701540993,0.5834718859680672,0.0598618931604937,50.8560042813206,197.19801410019923,2.751970646942531,0.11870040954814477,0.30363173021557804,0.041385449568238426,-0.05869135314257378,-0.02011364356002018
71,0.2821107701540992,0.4874718859680672,0.1884333217319223,55.40145882677515,109.50570640789154,11.39902947047194,0.11590778021726256,0.2850889136027393,0.16286679947306662,-0.08966559898302935,-0.03160587079913272
72,0.468777436820766,0.3274718859680672,0.8312904645890651,82.67418609950242,36.428783330968486,40.22255888223665,0.1135805354903721,0.41770242119835604,0.75588195059479,-0.05707005960354203,-0.052683364962524785
73,0.328777436820766,0.5674718859680672,0.5426607269797357,59.946913372229695,138.73647563866078,25.810794176354296,0.11683859745176903,0.3102033929543249,0.5299425592060699,-0.000342572058355014,-0.06006836063622955
74,0.3909996590429883,0.6474718859680672,0.414089298408307,74.82294643008093,51.0441679463531,37.34020594106018,0.11404595649950464,0.3476510048339927,0.4598706131283573,-0.06376438890527106,-0.05191327163968702
75,0.1109996590429881,0.4746718859680672,0.0283750126940214,70.27749188462639,94.89032179250697,31.57550005870724,0.11544229065454487,0.33138096979234904,-0.1737059593257649,-0.1056882531338258,-0.0393246952318123
76,0.4376663257096548,0.3946718859680672,0.15694644126545,93.0047646118991,80.27493717712234,43.95266268846503,0.11497691734173006,0.27902146696323277,-0.06848195155749554,-0.11190333886736038,-0.04892628367790847
77,0.2976663257096549,0.6346718859680671,0.2855178698368785,52.095673702808206,58.9139904315602,46.8350156296415,0.11429663021021788,0.28149828227243756,0.27908155208777236,-0.012584477928528163,-0.08110659993257674
78,0.2043329923763214,0.3626718859680672,0.4324566453470825,56.64112824826275,190.4524519700217,20.89383915905325,0.11848556593332848,0.3091151124628905,-0.010849394976555477,0.03815851582763895,-0.06698754486400009
79,0.3443329923763216,0.4426718859680671,0.0467423596327969,83.91385552099001,161.2216827392525,9.364427394347372,0.11755467065677433,0.3033381918822315,-0.020326268203537595,-0.08005374396922432,-0.012750407834071522
80,0.4013700294133586,0.6026718859680672,0.6895995024899397,79.36840097553548,102.76014427771403,49.71736857081797,0.1156928855160337,0.41012024629978094,0.8102281331325781,-0.023015868895973804,-0.05010288379275145
81,0.2613700294133584,0.5386718859680671,0.8181709310613683,76.47583899206441,146.60629812386787,3.5997215119944346,0.11708920632745179,0.3525500732814212,0.12790769282276565,-0.07404400507679577,-0.044439437613414665
82,0.4480366960800252,0.3786718859680672,0.303885216775654,71.93038444660985,131.99091350848326,35.30560386493562,0.11662374620518012,0.28415214801347743,0.29585843938145334,-0.07580533675660048,-0.020467844670646676
83,0.1680366960800252,0.4586718859680672,0.5242933800409602,90.11220262842804,44.29860581617558,12.246780335523844,0.11383118436462483,0.29812341616929194,-0.2105150848582722,-0.10555827002788586,-0.05669900977405933
84,0.4947033627466919,0.6986718859680672,0.0100076657552459,99.20311171933712,15.067836585406356,23.776192100229725,0.11290022427718573,0.31826887408920435,-0.41147856862071874,-0.04681441380043967,-0.10121374076364772
85,0.2147033627466918,0.5066718859680671,0.6528648086123886,53.74856626479168,73.5293750469448,26.658545041406203,0.11476198888599097,0.3298528692104194,-0.38941606306669346,-0.0316043339785847,-0.05986150411097158
86,0.3547033627466919,0.3466718859680672,0.1385790943266745,67.38492990115532,175.83706735463713,38.18795680611208,0.118020210911968,0.29333252465765774,0.061041093579110306,-0.07525887817385656,-0.029851726173548997
87,0.3702589183022474,0.4266718859680672,0.7814362371838173,58.294020810246224,56.66546972150103,32.42325092375914,0.11422498333952899,0.32801811972052497,-0.15619383194378908,-0.07323780986703707,-0.03742112368254687
88,0.2302589183022473,0.6666718859680671,0.6344974616736132,81.02129353751894,188.20393125996253,41.91806061234046,0.11841389394554357,0.33953383441135543,0.035129900310306626,-0.07833837040822612,-0.028542047193659662
89,0.4169255849689141,0.4906718859680671,0.5059260331021845,62.83947535570077,158.9731620291933,15.976884141752215,0.11748308079599508,0.33330942630855903,0.5726047684850153,-0.02235501538446262,-0.03683845161236251
90,0.276925584968914,0.4106718859680672,0.7630688902450418,68.77486228282324,27.434700490731807,27.506295906458107,0.11329415026564041,0.31813241431261746,-0.2532649116225549,-0.14399077989789946,-0.05901077208996248
91,0.4635922516355808,0.5706718859680673,0.2487831759593274,86.95668046464141,144.3577774138087,18.859237082928686,0.11701761069271556,0.29091418511005845,0.23912378682928123,-0.0715662752683137,-0.022731569081737457
92,0.1835922516355807,0.6506718859680671,0.8916403188164703,91.50213501009596,129.74239279842408,7.329825318222807,0.11655210011999931,0.3195039202799515,-0.02834632107804823,-0.08919154866547874,-0.042094000478387135
93,0.3235922516355808,0.4605918859680672,0.3773546045307561,96.0475895555505,42.05008510611641,47.68276649469341,0.11375955210922015,0.2971305502815421,-0.13390721441534395,-0.12505674077632115,-0.02672299831035965
94,0.3858144738578031,0.3005918859680672,0.5977627677960622,50.59304410100505,85.89623895227025,4.4474723770463385,0.11515580963001557,0.29718288256783,0.5548548415379422,0.07198086749297829,-0.09472070539660496
95,0.2458144738578029,0.5405918859680672,0.0834770535103479,55.1384986464596,71.28085433688564,33.27100178881105,0.1146903798405152,0.2634497509646167,-0.13852696699989855,0.05050604553277497,-0.10160843415716285
96,0.1524811405244696,0.5085918859680671,0.2120484820817765,77.86577137373231,57.78973007653062,39.03570767116399,0.11426080552415567,0.3177176954622192,0.17392858567830766,-0.10977000754090012,-0.05684954690666786
97,0.2924811405244697,0.3485918859680671,0.8549056249389193,59.68395319191414,116.25126853806906,21.74159002410516,0.11612257580242312,0.30975216267628786,-0.20570759463067054,-0.04770388478418193,-0.03520507284508187
98,0.4791478071911363,0.4285918859680672,0.340619910653205,72.90709368778191,189.3281916149921,24.62394296528163,0.11844975822691813,0.2534449513976052,0.20669763163061178,0.03458046358749698,-0.06320733581412659
99,0.1991478071911362,0.5885918859680672,0.6161301147348377,68.36163914232736,160.0974223842229,36.15335472998752,0.11751886573431738,0.3137559142752416,-0.07364310146621715,-0.05335419034978326,-0.031032265770223222
100,0.3961848442281734,0.5245918859680672,0.1018444004491234,91.08891186960008,28.558960845761398,13.094531200575748,0.11332999518328118,0.25874337618880033,-0.2345199437386778,-0.03643585185262225,-0.08051701713468001
101,0.16285151089484,0.6845918859680672,0.3589872575919805,54.72527550596373,87.02049930729984,28.354046771510006,0.11519169151021744,0.3282523945009115,-0.21859946402477398,-0.10434763401089209,-0.03577682843228626
102,0.3028515108948401,0.4925918859680672,0.5793954208572866,81.998002778691,13.94357623037677,19.70698794798059,0.1128644999712787,0.32234938240144556,-0.02447071128433855,-0.048281198460710724,-0.08981435558247304
103,0.2095181775615066,0.4125918859680672,0.0651097065715724,59.27073005141828,174.71280699960752,48.5305173597453,0.11798435909716587,0.33223746310524904,-0.018821082260411397,-0.12290095094055281,-0.01956792193579658
104,0.3495181775615067,0.5725918859680672,0.7079668494287151,76.21287881174885,55.54120936647144,5.295223242098241,0.1141891848645115,0.29895270373235283,-0.1446101799207568,-0.020790495035788503,-0.07220749395650301
105,0.3650737331170623,0.6525918859680672,0.1936811351430011,71.6674242662943,114.0027478280099,2.41287030092177,0.11605099019999784,0.26027924919788725,0.13135652164696957,0.015999539189092745,-0.0784783099607308
106,0.2250737331170622,0.3165918859680672,0.3222525637144295,94.39469699356704,157.84890167416373,11.05992912445118,0.11744727408202384,0.31678451563749227,0.36362159964511565,-0.057228328870937074,-0.03999724985124267
107,0.4117403997837289,0.3965918859680672,0.545284633685275,98.94015153902158,99.38736321262527,39.88345853621589,0.1155854700846438,0.3136884796771909,0.02253427769271457,-0.06833661587789851,-0.03123782376489599
108,0.1317403997837289,0.5565918859680672,0.4167132051138464,53.485606084476125,26.31044013570222,22.58934088915706,0.11325833417821125,0.3216399892591322,-0.44645666681314006,-0.04915704947635229,-0.09151269277356344
109,0.2717403997837288,0.6365918859680672,0.0309989193995608,67.12196972083976,143.2335170587791,25.47169383033353,0.11698177290420694,0.30830334572406237,-0.2365273241918121,0.05857662034657322,-0.0774193448807136
110,0.1784070664503955,0.3069918859680672,0.1595703479709894,85.30378790265794,40.92582475108682,31.23639971268648,0.11372377857283442,0.30823112606894143,0.03791523476809887,-0.10762948497581556,-0.043048910446001204
111,0.3184070664503957,0.3869918859680672,0.8024274908281321,80.7583333572034,84.77197859724066,13.94228206562765,0.11512007926237362,0.3128370901502109,-0.03773375688989459,-0.10121637811014536,-0.03725128413579806
112,0.1006292886726177,0.6269918859680672,0.5636519806240505,77.03932509274058,70.15659398185605,15.637783795731456,0.11465462073880978,0.3273723203596949,-0.3020086931181337,-0.11091190333809742,-0.051403860872764474
113,0.2406292886726177,0.5149918859680671,0.4350805520526219,72.49387054728604,172.46428628954837,44.46131320749617,0.11791275844478,0.3090501032129533,0.06148183079947337,0.09533460742112022,-0.0770999799869811
114,0.4272959553392845,0.3549918859680672,0.0493662663383363,90.67568872910422,61.16251114161937,27.167195560437342,0.11436814294466362,0.3148295435170229,-0.2790962975972172,-0.07481268627566985,-0.05734581729179261
115,0.1939626220059511,0.5309918859680671,0.3065091234811933,67.9484160018315,105.00866498777322,4.108372031025578,0.11576450590706008,0.29320861040206103,0.12754765041586896,-0.004473090677582113,-0.07078319090232245
116,0.403098424475087,0.4509918859680671,0.3983458581750709,86.13023418364968,148.85481883392703,32.93190144279029,0.11716083141808482,0.280067317646406,0.3482088111331134,-0.06712868108994599,-0.036926882574372516
117,0.2630984244750868,0.6909918859680672,0.655488715317928,63.40296145637695,46.54712652623476,38.696607325143226,0.11390270645899186,0.3099510856959808,-0.11499404619503187,-0.10332765361459952,-0.06679866112062052
118,0.4497650911417536,0.4989918859680672,0.1412030010322139,75.79965567125299,90.3932803723886,21.4024896780844,0.11529897427385527,0.2793857197864825,-0.05662115150818542,-0.06568892330616322,-0.033048600393949204
119,0.1697650911417536,0.3389918859680672,0.7840601438893566,71.25420112579845,17.316357295465526,24.284842619260868,0.11297177941135327,0.3438718473570179,-0.2938232561046765,-0.10787219936509886,-0.08007518424313877
120,0.3097650911417536,0.4189918859680672,0.2697744296036423,89.43601930761662,75.77789575700399,35.814254383966755,0.11483360800810634,0.2862569313684518,0.24371990558908074,0.05344410637071476,-0.08481747449182389
121,0.4964317578084203,0.5789918859680672,0.6371213683791526,93.98147385307117,178.08558806469628,30.049548501613817,0.11809176743730364,0.35499405824006114,0.7583752402245594,0.05921985884439813,-0.061862193090723945
122,0.3564317578084203,0.4829918859680672,0.1228356540934384,53.07238294398026,112.4460796441228,43.274461996423504,0.1160014506514821,0.29288217634730623,-0.04942660922725711,-0.10400566999549907,-0.03864213295483276
123,0.3719873133639759,0.3229918859680672,0.765692796950581,66.7087465803439,185.52300272104583,17.33328552583526,0.11832852238305681,0.33707978182641235,-0.14999138049967625,-0.07025183615071322,-0.006746969151074524
124,0.0919873133639758,0.4029918859680672,0.2514070826648668,57.617837489434805,156.29223349027663,46.156814937599975,0.11739773312333757,0.31424839032893154,-0.04617774212479635,-0.0702061151629832,-0.03542649670351127
125,0.4186539800306425,0.6429918859680672,0.3799785112362954,80.34511021670752,24.7537719518151,20.215638467011733,0.11320873120981227,0.2332705227683489,-0.0188470888984207,-0.07477386351088043,-0.07981244899392997
126,0.1386539800306425,0.4637918859680672,0.6003866745016014,62.16329203488935,141.676848874892,8.686226702305852,0.11693221784437133,0.32512313225415423,-0.16493148404735283,-0.07766783033291481,-0.025758127122764252
127,0.2786539800306424,0.3037918859680672,0.471815245930173,75.38643253075712,127.0614642595074,49.039167878776446,0.11646677006521608,0.4131626819669049,0.5895237566542156,0.00854330007211461,-0.05671791651588055
128,0.1853206466973091,0.5437918859680672,0.72895810307303,89.02279616712076,83.21531041335355,2.921520819952912,0.11507050260506473,0.343677121110299,0.05063461149220667,-0.14557334522217671,-0.03835857074635734
129,0.3253206466973092,0.6237918859680671,0.2146723887873159,93.56825071257528,10.138387336430478,34.62740317289409,0.1127433115823178,0.3270590739447022,0.18884436862089646,-0.08901458212537411,-0.06615033693444544
130,0.3875428689195315,0.5117918859680671,0.8575295316444587,98.11370525802984,68.59992579796894,11.56857964348232,0.11460502885816261,0.3256979854443553,0.0133321136835403,-0.11175138394686612,-0.049932499528473256
131,0.434209535586198,0.5917918859680672,0.4901825928689484,57.20461434893893,124.81294354944824,25.98034434936468,0.1163951027288217,0.30127482802465977,0.5575795086254588,0.019587349852945656,-0.062333347164628225
132,0.154209535586198,0.6717918859680672,0.1044683071546628,84.4773416216662,197.8898666263713,37.50975611407056,0.1187224135077799,0.3008794995682273,0.12406089532746535,0.08518783450982283,-0.0846432480081697
133,0.4808762022528647,0.3677918859680672,0.2330397357260913,61.75006889439348,110.1975589340636,14.45093258465879,0.11592983569245398,0.2423994024185057,-0.009901260074820072,0.0016131497899254791,-0.07379706970291355
134,0.2008762022528646,0.4477918859680672,0.8758968785832342,74.55998624976539,37.120635857140535,43.44401216943388,0.11592983569245398,0.2423994024185057,-0.009901260074820072,0.0016131497899254791,-0.07379706970291355
135,0.3408762022528648,0.6077918859680672,0.3616111642975199,70.01453170431084,154.04371278021745,17.502835698845644,0.11732609713722096,0.27608774557304977,0.3399356621423211,0.058277886217041,-0.08136866673491915
136,0.3979132392899018,0.6877918859680672,0.5820193275628259,88.19634988612901,139.42832816483283,46.326365110610354,0.11686060698044622,0.3166241010489149,-0.05903357520865125,0.06937934470160421,-0.07392369191412297
137,0.1179132392899017,0.4957918859680672,0.4534478989913974,92.74180443158356,51.73602047252515,29.03224746355153,0.1140679850221174,0.30138741278187986,-0.267655351202375,-0.03128361355431227,-0.08747347097387036
138,0.2579132392899017,0.3357918859680672,0.0677336132771118,97.2872589770381,95.582174318679,20.38518864002211,0.11546434251134391,0.31116176591542594,-0.10452004813446092,-0.12842657867940693,-0.009050746624254868
139,0.4445799059565684,0.4157918859680672,0.7105907561342545,51.832713522492654,22.50525124175593,8.855776875316232,0.11313705336921905,0.34089106691165943,0.6040447246999046,-0.05369867372000201,-0.06053144145414529
140,0.3045799059565685,0.6557918859680671,0.839162184705683,56.3781680679472,183.2744820109867,5.973423934139764,0.11825695780091307,0.35044219326072357,0.12655323101464303,-0.05994016612098565,-0.04272637763425338
141,0.4912465726232351,0.4797918859680672,0.3248764704199688,83.65089534067447,67.47566544293934,3.091070992963292,0.11456919105606679,0.26585040192020154,0.34301668384188094,0.0463969732549736,-0.08084485928711595
142,0.211246572623235,0.3197918859680672,0.5347890068631176,79.10544079521992,125.93720390447784,34.79695334590447,0.11643096512760842,0.3169587225960714,-0.10035208660351666,0.057934097054024226,-0.0817715059321048
143,0.3512465726232351,0.3997918859680672,0.406217578291689,60.92362261340175,199.0141269814009,11.738129816492702,0.11875819883464556,0.32162066305495884,-0.07449857756207594,-0.024498079669835773,-0.027615066228383268
144,0.2268021281787905,0.4701918859680671,0.1490747211488319,87.78312674563315,38.24489621217012,26.14989452237506,0.11363836343168474,0.2795665118711707,-0.0446484759857153,-0.10927633325014098,-0.05137272117410709
145,0.1334687948454573,0.3901918859680672,0.2776461497202604,96.87403583654223,140.55258851986244,31.914600404728,0.11689644310637418,0.3231850574051643,0.00944201538502629,-0.10874465921197678,-0.027571135125980025
146,0.2734687948454572,0.5501918859680672,0.5531563538018931,51.41949038199679,52.86028082755474,14.620482757669174,0.11410380809233045,0.3136231765348515,-0.3205468742558691,-0.07551001438858122,-0.052036972960231624
147,0.4601354615121241,0.6301918859680672,0.4245849252304645,65.05585401836042,96.7064346737086,43.78311251545464,0.11550005872597442,0.2701894680288107,0.36190301106649725,-0.07826499801620318,-0.04325844479682991
148,0.1801354615121239,0.5181918859680672,0.0388706395161789,55.96494492745133,23.629511596785512,17.841936044866404,0.1131729104075607,0.28382460700007,-0.3990847723312589,-0.004798874165249766,-0.08181109032040418
149,0.3201354615121241,0.3581918859680671,0.6817277823733217,83.2376722001786,82.09105005832397,46.66546545663111,0.1150347013740811,0.36666237297004456,0.7520157656833538,-0.019922961713689326,-0.06007334838375053
150,0.3823576837343463,0.4381918859680672,0.1674420680876074,78.69221765472406,184.39874236601628,29.37134780957229,0.1182927323429504,0.28977564803722217,0.005868647452469278,-0.025874581486899115,-0.03215480403066402
151,0.1023576837343461,0.5981918859680673,0.8102992109447502,60.510399472905874,62.97862402282101,20.724288986042875,0.11442593603664492,0.33860333802775333,-0.42246175105988665,-0.08939611435493702,-0.05474273305772423
152,0.4290243504010129,0.5341918859680672,0.5164216599243421,69.18808542331911,194.51708556128256,49.54781839780758,0.11861499477808127,0.28670739132605183,0.521312599577728,0.04866286316176065,-0.06742128519676639
153,0.2890243504010128,0.4541918859680672,0.0021359456386278,91.91535815059184,106.82477786897483,3.4301713389840534,0.11582239893143917,0.311339390807749,-0.13170035945342062,0.018951378910891697,-0.07989207797250802
154,0.4756910170676796,0.6141918859680673,0.6449930884957706,96.46081269604636,33.74785479205179,35.136053691925234,0.11349511707792172,0.3100702604809181,-0.2025667277273595,-0.01733920719678165,-0.07202285763716096
155,0.3356910170676796,0.5021918859680672,0.7735645170671992,64.64263087786455,136.0555470997441,40.90075957427817,0.11675317200279108,0.3249203539382305,-0.013282360154015599,-0.07773326961558685,-0.03541075686218266
156,0.3927280541047166,0.3421918859680672,0.2592788027814849,55.55172178695546,48.3632394074364,23.606641927219343,0.11396057347156135,0.24682550355649585,0.048427306899028875,-0.0914660969877844,-0.047911983189988475
157,0.2527280541047165,0.5821918859680673,0.4980543129855665,78.27899451422819,19.13247017666716,38.0184066331017,0.11302973754763766,0.32185549001664177,-0.06810472137681498,-0.04722148387875356,-0.09392011012324722
158,0.4393947207713833,0.6621918859680671,0.1123400272712809,60.09717633241001,77.59400863820562,32.25370075074876,0.11489146362715152,0.2769445517985029,-0.04222785765950871,-0.09159572062432993,-0.04222190725953304
159,0.1593947207713832,0.4861918859680672,0.7551971701284237,74.97320939026125,179.90170094589794,14.959583103689935,0.11814964524820078,0.3238255455169599,-0.13283077979846777,-0.0415726348104967,-0.04434832867219891
160,0.2993947207713833,0.3261918859680672,0.2409114558427093,70.4277548448067,61.85436366779142,43.61356234244426,0.11439008834389351,0.29725107984664073,0.09464613912360995,-0.09663446871567447,-0.019333527538212485
161,0.4860613874380499,0.4061918859680672,0.8837685986998522,88.60957302662487,120.31590212932988,17.672385871856026,0.11625183877720775,0.32257778405920734,0.837147579547607,-0.021970715360190445,-0.04243297254815314
162,0.2060613874380498,0.5661918859680672,0.3694828844141379,93.15502757207943,193.39282520625292,46.49591528362073,0.1185791474533885,0.3120465556606586,0.011180598149561478,0.10103907249972637,-0.08116901068015077
163,0.34606138743805,0.6461918859680672,0.5898910476794441,97.70048211753398,164.16205597548372,29.201797636561917,0.11764832812083255,0.4076379325991475,0.5755363457349425,0.007710511526942639,-0.05232943725629896
164,0.0816169429936054,0.3133918859680672,0.0756053333937298,65.88230029935215,32.623594437022206,9.025327048326613,0.11345929629569967,0.29265065939391216,-0.14929826959236278,-0.14415936453018277,-0.055811340657710505
165,0.2216169429936054,0.3933918859680672,0.7184624762508726,56.791391208443066,149.54667136009908,49.3782682247972,0.11718283847296393,0.32497831667119825,-0.05661304720920489,-0.08069248933543646,-0.017201502781941255
166,0.4082836096602721,0.5533918859680672,0.2041767619651585,84.06411848117034,134.9312867447145,6.142974107150145,0.1167174216160539,0.26882652230036314,0.10454219815006853,-0.07661337777142471,-0.039894257102179566
167,0.4549502763269388,0.3613918859680672,0.6082583946182196,76.62610195224471,18.00820982163758,11.907679989503084,0.11299387913800132,0.3331086007298235,0.618067805361643,-0.07569552257275629,-0.04718698480657347
168,0.1749502763269387,0.4413918859680671,0.479686966046791,72.08064740679018,76.46974828317603,40.73120940126779,0.11485565112058338,0.31533084368178566,-0.12917547015302258,-0.10811661108255455,-0.0373241617353441
169,0.3771724985491611,0.6813918859680672,0.7368298231896482,94.8079201340629,59.60584295773225,26.31944469538544,0.11431865893800544,0.3888983438397705,0.6395689342888304,-0.042584360769950695,-0.06577658271016674
170,0.2371724985491609,0.3773918859680672,0.8654012517610767,53.89882922497199,191.1443044961938,32.084150577738384,0.11850759502402412,0.33700137571375444,-0.1597629994846064,-0.06218328356326887,-0.030853733381350504
171,0.1438391652158276,0.6173918859680672,0.5715237007406686,58.44428377042654,103.4519968038861,41.74851043933008,0.11571493058990077,0.33119277280878207,-0.08167659447827115,-0.10884431844210415,-0.047201714630507034
172,0.2838391652158276,0.6973918859680672,0.44295227216924,85.7170110431538,30.37507372696303,15.807333968741837,0.11338764386013479,0.30360313885976326,-0.3000710425449658,-0.0037652275310780118,-0.08965217213169002
173,0.4705058318824944,0.5053918859680672,0.0572379864549543,81.17155649769926,147.29815065003993,44.63086338050655,0.11711124362972346,0.2867722602065973,-0.057821953586559345,0.04173666659463511,-0.07688969506375827
174,0.3305058318824944,0.4253918859680672,0.185809415026383,73.39544830836793,44.99045834234764,18.689686909918304,0.113853252050846,0.2697483217789213,-0.18341114171974757,-0.1104533656917935,-0.061033979725417783
175,0.4036745561623298,0.5853918859680671,0.8286665578835257,68.84999376291339,88.83661218850148,7.1602751452124265,0.11524954293836498,0.31767004453233905,-0.0859166444400704,-0.10436581536418886,-0.03239432954207557
176,0.1236745561623297,0.6653918859680672,0.3143808435978114,87.03181194473157,15.75968911157841,47.51321632168302,0.11292222089931461,0.30098913242051345,-0.13360050669813237,-0.07890420698442162,-0.08766607269566155
177,0.2636745561623296,0.4893918859680671,0.5400368202741963,91.57726649018612,74.22122757311686,4.277922204035958,0.11478405195508025,0.29844488511312367,-0.0944033233423209,-0.07112435469304401,-0.036090552619738925
178,0.4503412228289964,0.3293918859680672,0.4114653917027677,96.12272103564068,176.52891988080918,1.3955692628594862,0.11804217406885814,0.2621078533739769,0.34721251104812645,0.009115919857367054,-0.059550615132166966
179,0.1703412228289963,0.4093918859680672,0.025751105988482,50.668175581095205,64.10288437785059,33.10145161580067,0.11446174950788203,0.2857488106145383,-0.2134675260552002,-0.07104310868674493,-0.054218926276321466
180,0.3103412228289964,0.5693918859680672,0.6686082488456249,64.30453921745884,122.56442283938908,10.042628086388897,0.11632350448117171,0.3221048724158941,-0.03395327791018565,-0.0963248185395661,-0.033665377899801806
181,0.2170078894956629,0.4631518859680672,0.7971796774170534,82.48635739927701,166.4105766855429,21.57203985109477,0.11771999094499985,0.3320606322417138,-0.09984958093201889,-0.06873738977283302,-0.03712426988552718
182,0.3570078894956631,0.3031518859680672,0.2828939631313391,77.94090285382248,107.94903822400444,24.45439279227125,0.11585817644676301,0.30292764644350795,0.28130256846804413,-0.032916582692240494,-0.031356742892833495
183,0.3725634450512187,0.3831518859680672,0.5584041672129718,59.7590846720043,34.87211514708136,35.983804556977134,0.11353094849377302,0.29816504707298236,0.5264932230190175,-0.07195303555664638,-0.055242734253509854
184,0.2325634450512185,0.6231518859680671,0.0441184529272576,68.43677062241753,137.17980745477368,12.924981027565368,0.11678897492068646,0.3285176181064779,-0.10147891564841398,-0.12415348689256227,-0.028432776674376388
185,0.4192301117178853,0.5111518859680672,0.6869755957844004,86.6185888042357,49.48749976246598,42.4267111313716,0.11399636316238977,0.31090458542878685,0.002704381434539293,-0.06723125970018538,-0.05506948905542236
186,0.1392301117178853,0.3511518859680672,0.1726898814986862,91.16404334969025,93.33365360861984,16.485534660783358,0.11539271884212522,0.28957197758171593,0.11887530307630434,0.05576533873917895,-0.08651382554196808
187,0.465896778384552,0.5911518859680671,0.3012613100701146,50.25495244059934,78.71826899323521,28.01494642548925,0.11492732507410829,0.2459585556809473,-0.06746115630289226,-0.04667715903094279,-0.06737252093265474
188,0.1858967783845518,0.6711518859680672,0.5216694733354208,63.89131607696298,181.02596130092752,19.36788760195983,0.11818531352434719,0.32795154459843545,-0.22475120234191373,0.020616020351717414,-0.059468507640308574
189,0.325896778384552,0.5271518859680672,0.3930980447639921,54.800406986053886,65.22714473288019,7.83847583725395,0.11449760693825861,0.2735334273921484,0.36320682587327796,-0.0742577598878196,-0.05602851977375182
190,0.3881190006067742,0.3671518859680672,0.0073837590497065,82.07313425878115,123.68868319441864,48.19141701372454,0.11632177713568473,0.30084107803563054,-0.16712293376807305,0.05415631641167417,-0.06428758715042039
191,0.2481190006067741,0.6071518859680671,0.1359551876211351,59.34586153150843,167.53483704057248,2.0737699549010085,0.11775575298335512,0.2966843422561323,0.21024384028790125,-0.053549920946742054,-0.03823427781385737
192,0.4347856672734408,0.6871518859680672,0.7788123304782779,76.28801029183902,109.07329857903402,33.77965230784219,0.11589395111684905,0.46580289973989786,0.6066262066636787,-0.042396645633680556,-0.046022044063650173
193,0.2947856672734409,0.3351518859680672,0.6318735549680738,89.92437392820264,152.91945242518784,39.544358190195126,0.11729025523162892,0.3967498937159344,0.7901796765082482,-0.0034963394391404044,-0.04862402609966152
194,0.4814523339401075,0.4151518859680672,0.5033021263966453,94.4698284736572,138.30406780980326,22.2502405431363,0.11682477503713083,0.37081314758708583,0.3730273161813911,-0.02282542222066085,-0.03149361960142516
195,0.2014523339401074,0.5751518859680671,0.1175878406823596,99.01528301911172,50.61176011749557,25.13259348431277,0.11403220347620256,0.2822974286253445,-0.09757800824747445,-0.11809518179631288,-0.051769208098764286
196,0.3414523339401076,0.6551518859680672,0.7604449835395024,53.56073756456628,94.45791396364942,36.662005249018655,0.11542847195973502,0.3361479371936143,-0.28922475090318017,-0.03799159056526478,-0.05198758198753803
197,0.3984893709771446,0.4791518859680672,0.246159269253788,67.19710120092992,21.380990886726337,30.89729936666572,0.11310138495586311,0.24613246329147864,0.0025390210006223986,-0.03533866162119623,-0.09860207161844466
198,0.1184893709771445,0.3191518859680672,0.889016412110931,58.10619211002083,79.8425293482648,13.603181719606887,0.11496307936523922,0.31099277958031646,-0.3193314088163349,0.013045125983387666,-0.06828408876455232
199,0.2584893709771445,0.3991518859680672,0.3747306978252167,85.3789193827481,182.1502216559571,42.59626130438198,0.11822114913738313,0.35822208996065225,0.5435870732738436,-0.011368908968728476,-0.04375118622739463
200,0.1651560376438112,0.6391518859680672,0.4665674325190942,62.651646655475375,116.94312106424113,45.47861424555845,0.11611204653507143,0.31727910487653066,0.06077056722781454,-0.023779638961144652,-0.07100738625737464
201,0.3051560376438112,0.4695518859680672,0.0808531468048086,77.11445657283075,190.0200441411642,28.18449659849963,0.11847179553186618,0.32466382945461936,-0.0735573550759155,-0.0709176883546045,-0.015508637733160168
202,0.4918227043104779,0.3095518859680672,0.7237102896619513,72.5690020273762,160.78927491039497,19.537437774970208,0.11754095668507514,0.3135232854693903,0.637004891382536,-0.006675636281938899,-0.03978149037224591
203,0.3673782598660334,0.6295518859680671,0.3379960039476656,99.84172930010348,146.17389029501035,5.125673069087861,0.11707544227687736,0.3100387451935413,0.43023898719027914,-0.03208661514951674,-0.045601086496013424
204,0.0873782598660334,0.5175518859680671,0.6135062080292983,54.38718384555802,131.55850567962574,2.2433201279113897,0.11660997424382576,0.29708842054140594,-0.04795275531344682,-0.031307345757245766,-0.059366236298060565
205,0.4140449265327001,0.4375518859680672,0.0992204937435841,58.93263839101257,87.7123518334719,10.8903789514408,0.11521374237377022,0.25554939073859434,-0.1122797277525422,0.05181662097767944,-0.10032563141979874
206,0.2740449265327,0.6775518859680671,0.2277919223150125,81.65991111828528,73.09696721808729,22.41979071614668,0.11474826059743554,0.2785341971951583,0.1024636283224276,-0.09211799571715838,-0.052419436046505195
207,0.1807115931993667,0.3735518859680672,0.3563633508864411,75.87478715134314,56.2330618926435,36.83155542202904,0.11421114993253474,0.31470702810921053,0.33658967457217126,-0.04107810510711862,-0.07635579493976494
208,0.3207115931993669,0.4535518859680671,0.5767715141517472,71.3293326058886,114.69460035418194,31.066849539676102,0.11607300861429715,0.3251851028688899,-0.015700818594059272,-0.08648648996104867,-0.028214696464092612
209,0.3829338154215891,0.6135518859680672,0.4482000855803187,89.51115078770678,187.771523431105,13.77273189261727,0.11840014086356741,0.3112330892234379,0.4964048058612708,0.05800227087061251,-0.06989897451063641
210,0.2429338154215889,0.5015518859680672,0.7053429427231758,98.60205987861588,100.07921573879734,16.395772804483748,0.11560755466760772,0.31402462437537265,-0.1255538532747825,-0.050661402179333785,-0.061496493338533076
211,0.4296004820882557,0.3415518859680672,0.1910572284374617,53.147514424070415,27.00229266187427,45.21930221624846,0.11328035663671013,0.26235005479535023,0.05720810255378541,-0.13415305697601682,-0.032446395325732874
212,0.1496004820882556,0.4215518859680672,0.8339143712946044,66.78387806043405,143.92536958495117,27.92518456918964,0.11700386011073412,0.34067366477478006,-0.28054614711403697,-0.04150056792286295,-0.04745403255750935
213,0.2896004820882555,0.5815518859680672,0.3196286570088901,57.69296896952496,129.30998496956656,19.278125745660216,0.11653835083760172,0.32768841071180405,-0.15953506973942339,-0.08564568914410213,-0.021775215532005263
214,0.1962671487549222,0.4855518859680672,0.4193371118193857,80.42024169679769,85.46383112341273,48.10165515742493,0.11514212172460526,0.3010381303113927,-0.021426474181327995,-0.08210625963362837,-0.0426084112118985
215,0.1133041857919593,0.5655518859680673,0.1621942546765287,70.91610946539274,173.15613881572042,33.689890451542574,0.11793482501202558,0.3146575319848607,0.12295806292496789,0.06820391496483003,-0.08650491627435089
216,0.2533041857919593,0.6455518859680671,0.8050513975336716,89.09792764721091,57.35732224767308,10.631066922130804,0.11424706092031398,0.31951854576690175,-0.2475136421213585,-0.11162422655113075,-0.039413504198897706
217,0.439970852458626,0.4663518859680672,0.2907656832479572,93.64338219266546,115.81886070921152,39.45459633389552,0.11610883404772851,0.27687993313458464,0.22468368454812404,-0.09402866023168369,-0.030995361664056965
218,0.2999708524586261,0.3863518859680672,0.4377044587581613,52.73429128357455,159.6650145553654,25.04283162801316,0.1175051251442181,0.27501086118913254,0.3813845471152634,0.008653138481888284,-0.06352382162296333
219,0.4866375191252927,0.5463518859680672,0.0519901730438756,66.37065491993818,101.20347609382692,36.572243392719045,0.11564330211804143,0.29097249581284285,-0.1827950828446718,0.06726570144534193,-0.08785763973977137
220,0.2066375191252926,0.6263518859680672,0.6948473159010184,57.279745829029096,28.12655301690386,30.807537510366107,0.11331614394024904,0.31346285821540754,-0.2873498278366998,-0.12424071635227343,-0.0661859917922614
221,0.3621930746808483,0.3543518859680672,0.8234187444724471,80.00701855630182,130.43424532459613,44.202001178186165,0.1165741474514375,0.43851102712375095,0.9165501704629053,-0.015306947875710238,-0.04871752509063007
222,0.2221930746808481,0.5943518859680672,0.5295411934520389,74.63511772985554,86.58809147844231,47.08435411936264,0.11517796394802948,0.3354011166511773,0.03894384238992559,-0.10792871034695734,-0.04573063543738519
223,0.4088597413475149,0.6743518859680672,0.4009697648806102,70.08966318440099,13.511168401519235,29.790236472303818,0.11285069017225406,0.3101446261112194,-0.09080588623294078,-0.014409305555592248,-0.09242549925665905
224,0.2688597413475148,0.3703518859680672,0.6581126220234674,92.81693591167372,174.28039917075,9.613765884068522,0.11797057368147429,0.3345442912769645,0.003588742336158446,-0.09376754737634796,-0.014914460039812805
225,0.4555264080141816,0.4503518859680672,0.1438269077377532,97.36239045712828,55.10880153761391,49.96670706053911,0.11417547657165071,0.2780797820111989,0.05005566492185914,-0.12408373116777073,-0.037641377758164916
226,0.3155264080141816,0.6903518859680672,0.2723983363091817,65.54420863894644,186.64726307607543,3.8490600017155834,0.11836438148868203,0.28144898662883827,0.3132879610280921,0.07808967760547578,-0.088277781644055
227,0.3777486302364038,0.4983518859680672,0.639745275084692,56.45329954803736,157.4164938453062,35.55494235465676,0.11743348405746498,0.31947831893470874,-0.03371153524379733,0.02079590255930349,-0.051234308567254715
228,0.2377486302364037,0.4183518859680672,0.1254595607989777,79.18057227531008,25.878032306844688,41.319648237009694,0.11324454794865518,0.2775208051323832,0.07403747276626954,0.01995393329456776,-0.08055127463047551
229,0.4244152969030705,0.5783518859680672,0.7683167036561205,60.998754093491904,142.8011092299216,24.02553058995088,0.11696801589524466,0.3174292759400825,0.7272898219083711,0.00974879022454415,-0.05703817857817414
230,0.1444152969030704,0.6583518859680672,0.2540309893704061,74.22189458935968,128.18572461453698,26.907883531127347,0.11650254348942626,0.31361848483452126,-0.09012289301710072,-0.04513559051961258,-0.0461585089648669
231,0.2844152969030704,0.4823518859680672,0.8968881322275492,69.67644004390513,40.493416922229294,38.43729529583322,0.11650254348942626,0.31361848483452126,-0.09012289301710072,-0.04513559051961258,-0.0461585089648669
232,0.191081963569737,0.4023518859680672,0.6030105812071409,92.40371277117784,11.262647691460066,15.378471766421464,0.11277902200498846,0.3206550594776547,-0.07411963489925748,-0.04858893297792242,-0.09922045705538064
233,0.3310819635697372,0.5623518859680672,0.4744391526357124,96.9491673166324,69.72418615299853,43.01514996711351,0.11464078249138852,0.3108399356850762,-0.06480723572792473,0.06531210749762219,-0.08715962654000389
234,0.4054029512240582,0.6423518859680671,0.0887248669214266,51.494621862086944,172.03187846069085,17.07397349652527,0.11789896755380842,0.27840219597728066,-0.13484671776110535,0.0010661081420767725,-0.06708738733026033
235,0.265402951224058,0.3127518859680672,0.2172962954928552,56.04007640754149,119.1916417743003,28.60338526123116,0.116216241680913,0.28405487188995265,-0.03632294266870483,-0.07550255095978053,-0.048065634345929344
236,0.4520696178907248,0.3927518859680672,0.860153438349998,83.31280368026876,192.26856485122337,19.956326437701737,0.11854334852922178,0.32423559185756995,-0.07213811244464874,-0.05486542631359648,-0.025145061820585752
237,0.1720696178907247,0.5527518859680671,0.3458677240642837,78.76734913481421,163.03779562045412,8.426914672995858,0.11761251365795486,0.32135997724138565,-0.0726986751876316,-0.0719209125127376,-0.031660432746973007
238,0.4987362845573915,0.5207518859680671,0.4928064995744878,73.8086714488638,31.49933408199261,5.54456173181939,0.11342350376222878,0.22930812799804876,0.2152065104854378,0.021842899073826846,-0.09856148052670259
239,0.2187362845573914,0.3607518859680672,0.1070922138602021,69.26321690340926,148.4224110050695,2.662208790642918,0.11714707916967218,0.29372791724381614,0.18184580742418952,0.013067258637654346,-0.048464923594537065
240,0.3587362845573915,0.4407518859680672,0.749949356717345,87.44503508522743,133.8070263896849,34.3680911435841,0.11668160444819865,0.3348217030702381,0.11674252689482188,-0.036140187665240096,-0.049273203519444565
241,0.3742918401129471,0.6007518859680672,0.2356636424316306,91.990489630682,46.11471869737722,11.309267614172327,0.11388893095231474,0.28368460876687895,-0.021569286263652215,-0.0381945429861431,-0.05985003702221829
242,0.094291840112947,0.6807518859680671,0.8785207852887736,96.53594417613652,89.96087254353107,40.13279702593704,0.11388893095231474,0.28368460876687895,-0.021569286263652215,-0.0381945429861431,-0.05985003702221829
243,0.2342918401129469,0.5367518859680671,0.3642350710030592,51.08139872159108,16.88394946660799,22.838679378878208,0.11295804218146203,0.34220834108148035,-0.35850957518851845,-0.07679795269292351,-0.06948423806360675
244,0.4209585067796137,0.3767518859680672,0.5846432342683654,64.71776235795471,75.34548792814645,25.72103232005469,0.11481989036707434,0.28743355866103276,0.5882321640814683,0.02161220797205906,-0.06969170996680382
245,0.2809585067796136,0.6167518859680672,0.0703575199826511,82.8995805397729,54.84935684029939,31.485738202407628,0.11416720292264812,0.28200589706620777,-0.22937940679695035,0.04914173161696025,-0.11280952363142538
246,0.4676251734462804,0.6967518859680671,0.713214662839794,78.35412599431834,113.31089530183785,14.191620555348798,0.11602893350928789,0.316934409205273,-0.09750715151635762,-0.06253138558970586,-0.04614422747569716
247,0.1876251734462803,0.5047518859680671,0.1989289485540798,60.172307812500165,186.38781837876093,41.48919841002008,0.11835610692036463,0.3008029299557938,0.22346669583981887,0.05393038794949583,-0.07978540702174552
248,0.3276251734462804,0.3447518859680672,0.8417860914112225,75.04834087035141,157.1570491479917,15.548021939431845,0.11742521630651458,0.3261290498459956,-0.1801681888957034,-0.05206492834267239,-0.01941911467752263
249,0.2498473956685025,0.6647518859680671,0.4204616432646169,93.2301590521696,142.54166453260706,18.430374880608312,0.11695975231737667,0.31148911262064066,0.0011414543660379756,0.07007092619882578,-0.08407260323550077
250,0.1565140623351692,0.3287518859680672,0.6776045004074741,52.32106814307868,40.23397222491477,47.25390429237302,0.11370171873168025,0.32467408270832315,-0.29389374701918003,-0.14510547468093285,-0.05397183577485169
251,0.2965140623351693,0.4087518859680672,0.1633187861217599,65.95743177944232,84.08012607106862,4.018610174725962,0.1150980115155441,0.2909368381594184,0.19634267217613688,-0.10057317137865404,-0.02258016923859534
252,0.4831807290018359,0.5687518859680671,0.8061759289789028,56.86652268853322,11.003202994145544,1.1362572335494925,0.11277086660197998,0.340846350446944,0.806801425123289,-0.059497733205775415,-0.06643012040046493
253,0.3431807290018359,0.4759518859680672,0.5674004187748212,79.59379541580594,171.7724337633763,9.783316057078904,0.11789061610235875,0.3054216827203853,0.5788007708540261,0.009788353131154228,-0.05979677071379453
254,0.400217766038873,0.3159518859680672,0.4388289902033924,61.41197723398777,67.21622074562484,38.60684546884361,0.11456093001266134,0.30317915614387736,0.41424344228117616,-0.050223283511617034,-0.038526053312927015
255,0.1202177660388729,0.3959518859680672,0.0531147044891068,76.70123343233487,125.67775920716328,21.312727821784783,0.11642270023342303,0.2927757315139179,-0.1680548298195111,-0.022268936298167723,-0.055618517015198106
256,0.4468844327055396,0.6359518859680672,0.1816861330605354,90.33759706869851,169.52391305331713,35.72449252766714,0.11781914427548218,0.2687757952555209,0.04122088554240802,0.08599884482806926,-0.09251093700211922
257,0.3068844327055396,0.3639518859680672,0.3102575616319638,99.4285061596076,37.9854515148556,12.665668998255374,0.11363013143388899,0.2548311473881689,0.10343475794243456,0.020166793600833528,-0.09556323634852656
258,0.3535510993722063,0.6839518859680671,0.0163800106115558,58.5194152505167,52.60083613024022,45.04975204323807,0.11409553059491792,0.3083448399254062,-0.24842049919734346,-0.11485155606340759,-0.05124657009969818
259,0.3691066549277618,0.5399518859680672,0.6592371534686986,85.79214252324397,96.44698997639406,27.75563439617925,0.11549183424813995,0.3165522616909461,-0.03362000194510583,-0.01785369833481834,-0.058991761206687844
260,0.2291066549277617,0.4599518859680672,0.7878085820401273,63.06486979597124,81.83160536100945,7.579163807943955,0.1150264750372582,0.32005285084116786,0.0036652147110051393,-0.11655039527265176,-0.04608465269599596
261,0.4157733215944285,0.6199518859680673,0.2735228677544128,73.4705797884581,184.13929766870177,47.93210498441454,0.11828446170289882,0.33056403127431266,0.3869361678547367,-0.03589393373820127,-0.030861980688875208
262,0.1357733215944284,0.6999518859680671,0.6408698065299232,68.92512524300355,68.34048110065442,4.696810866767486,0.11459671827974972,0.3232239154756105,-0.11597947731540265,-0.12587055759173446,-0.04751268941000511
263,0.2757733215944284,0.5079518859680672,0.5122983779584945,87.10694342482174,126.80201956219288,1.814457925591015,0.1164584748697379,0.30426999756128453,0.023957193809892408,-0.05368977598943746,-0.029028784861651478
264,0.4624399882610952,0.3479518859680672,0.1265840922442089,91.65239797027628,199.878942639116,33.5203402785322,0.11878573048966727,0.2964425954772832,-0.0628934007161388,0.06372261040992955,-0.0782662350633551
265,0.3224399882610952,0.5879518859680672,0.2551555208156373,50.74330706118537,112.18663494680824,39.28504616088513,0.11599314806604509,0.25825140510561073,0.1383087089671129,-0.04218125688321616,-0.0591449758551421
266,0.1046622104833173,0.4919518859680671,0.3837269493870659,55.28876160663991,156.0327887929621,24.87328145500278,0.1173894032511053,0.3366444364849737,-0.19060319602497636,-0.07292824558407351,-0.0412833907544622
267,0.2446622104833173,0.3319518859680672,0.6041351126523721,82.56148887936718,141.41740417757748,36.40269321970866,0.11692395578514454,0.3312559747016586,-0.1798941761602509,-0.054212728120962804,-0.026319469962379785
268,0.4313288771499841,0.4119518859680672,0.4755636840809436,78.01603433391264,53.7250964852698,30.637987337355725,0.11413138737323304,0.24569925380432492,0.21720194456828928,-0.04925810239657408,-0.06264159098850598
269,0.151328877149984,0.5719518859680672,0.0898493983666578,59.834216152094456,97.57125033142364,13.343869690296897,0.11552764143122461,0.30560901196501816,0.03193403205390494,-0.09493711108950585,-0.026753139223398722
270,0.4779955438166507,0.4625118859680672,0.2184208269380864,68.51190210250768,82.95586571603904,17.24352366953565,0.11506225645322342,0.2434275273527288,-0.010662490414694104,0.03595009204590743,-0.08206976835291019
271,0.1979955438166506,0.3025118859680672,0.8612779697952293,86.69372028432586,185.26355802373132,46.06705308130036,0.11506225645322342,0.2425235518262191,-0.010341712116718069,0.03452582621582383,-0.0812892035534169
272,0.3950325808536878,0.5425118859680672,0.6225024595911477,95.78462937523496,122.30497814207456,20.12587661071212,0.1163152446086875,0.31515974517169515,0.5874223964330042,-0.020105889903584404,-0.05320121726651926
273,0.1150325808536877,0.6225118859680672,0.493931031019719,50.330083920689496,195.3819012189976,8.596464846006239,0.11864250450658176,0.31216217212433633,-0.07761435591463431,-0.048071405029446346,-0.032308114899364415
274,0.2550325808536877,0.5105118859680672,0.1082167453054333,63.96644755705313,166.15113198822837,48.94940602247683,0.11771173331264884,0.2826288773385358,0.07822738912946248,0.07929610089369055,-0.09009657964079014
275,0.1616992475203544,0.4305118859680672,0.2367881738768618,82.14826573887132,34.61267044976684,2.8317589636532983,0.11352258735190522,0.2995821266608571,0.17633549292067913,-0.05410277850361963,-0.08824980084171437
276,0.3016992475203545,0.5905118859680671,0.8796453167340048,77.60281119341677,151.53574737284376,34.537641316594474,0.11724619456913735,0.3265818878814135,-0.1269387098091547,-0.048539149941898126,-0.04223905515270815
277,0.4883659141870211,0.6705118859680672,0.3653596024482903,59.42099301159859,136.92036275745917,11.478817787182708,0.11678073624419254,0.2575025532434249,0.2803795911007942,-0.0334237014475038,-0.05184504646810172
278,0.3639214697425767,0.4465118859680672,0.0714820514278823,89.9995054082928,19.997285834382232,25.890582493065065,0.11305731036100955,0.28756584381700206,-0.2523425821086498,-0.06390339772009325,-0.06542070625631483
279,0.1305881364092433,0.3345118859680672,0.3286249085707393,67.27223268102007,121.18071778704496,44.03245100517579,0.11627944084951836,0.34384032552547894,-0.24379050480331607,-0.085840846283296,-0.024733999154671695
280,0.2705881364092432,0.4145118859680672,0.5359135383083488,58.181323590110985,194.257640863968,18.091274534587555,0.11860670127422578,0.31512445767683633,-0.04801667012708007,0.053459629333586896,-0.06585959361164921
281,0.1772548030759099,0.6545118859680672,0.0216278240226345,80.90859631738371,106.56533317166031,29.62068629929344,0.115814139676324,0.32113362629467335,-0.18118558588400224,-0.10293631056061914,-0.043757941891941696
282,0.31725480307591,0.4785118859680671,0.6644849668797773,62.72677813556553,33.48841009473727,20.973627475764022,0.11348680782499775,0.32670652784026527,-0.46945015462883116,-0.0585475991375782,-0.05984759711629723
283,0.3794770252981322,0.3185118859680672,0.1501992525940631,77.1895880529209,150.41148701781415,9.444215711058142,0.11721045574600185,0.28324685690592893,0.09569762767305835,-0.0827843745241038,-0.02867233916638702
284,0.2394770252981321,0.5585118859680672,0.2787706811654916,90.82595168928454,48.10379471012188,6.561862769881674,0.11395231493274051,0.2847118076578506,0.16664901869271526,-0.10111063329927443,-0.06441458116957283
285,0.4261436919647988,0.6385118859680672,0.5542808852471244,95.37140623473908,91.94994855627571,3.6795098287052017,0.11534858487579176,0.35951202753813233,0.6546708792528562,-0.0070723926437601,-0.05757035758984218
286,0.1461436919647988,0.4689118859680672,0.4257094566756956,99.91686078019364,18.873025479352645,35.38539218164638,0.11302142285511006,0.2900040425659854,-0.1800176394738793,-0.0037182631522310098,-0.09957804582153154
287,0.2861436919647988,0.3089118859680672,0.03999517096141,54.46231532564818,77.3345639408911,12.326568652234611,0.11488325502687106,0.26650052770594845,-0.19371886902327953,0.0565959975906414,-0.07140047734957239
288,0.4728103586314655,0.3889118859680672,0.6828523138185528,68.0986789620118,179.6422562485834,41.15009806399932,0.11814134298706952,0.28921286433231985,0.6094302207606865,0.025642220804295412,-0.05428772189634077
289,0.1928103586314654,0.5489118859680672,0.1685665995328386,59.00776987110272,60.47065861544731,23.855980416940493,0.11434606448000915,0.31634528412757795,-0.04224950821594602,-0.11172345155175141,-0.0365503204460062
290,0.3328103586314656,0.6289118859680671,0.8114237423899815,86.28049714382999,118.9321970769858,26.738333358116968,0.11620796745737144,0.32674502411753076,0.013958435917420567,-0.08353306111924083,-0.04735916658475537
291,0.4019461611006014,0.5169118859680671,0.297138028104267,81.73504259837544,192.00912015390887,38.267745122822845,0.11853508894425714,0.345257610999332,0.45155367013774117,-0.010500336675759381,-0.033813336908157375
292,0.2619461611006012,0.4369118859680672,0.3889747627981446,75.9499186314333,104.31681246160116,15.208921593411084,0.11574247729608898,0.29679171289431727,-0.005287472030406034,0.028039315970786814,-0.07251002368572693
293,0.448612827767268,0.5969118859680672,0.003260477083859,71.40446408597876,31.2398893846781,41.99784892905122,0.113415197032036,0.3551045051008548,-0.5696439160150207,-0.025007505066688432,-0.09033146298091545
294,0.308612827767268,0.5329118859680672,0.1318319056552876,94.13173681325148,133.5475816923704,44.880201870227694,0.11667336854509719,0.2722574048775931,0.02710150388683599,0.07841873451677514,-0.09702365235347378
295,0.4952794944339347,0.3729118859680672,0.7746890485124304,98.67719135870604,45.85527400006271,27.586084223168875,0.1138806604855173,0.3006150566979904,-0.11259459362758331,-0.06264742611171994,-0.04713174760378673
296,0.2152794944339346,0.4529118859680672,0.260403334226716,53.22264590416057,89.70142784621655,18.93902539963945,0.11527712594509133,0.28713272219258723,0.15881329828443905,-0.07749864106406701,-0.04805183917662674
297,0.3552794944339347,0.6129118859680672,0.6277502730022263,66.85900954052421,16.624504769293473,7.409613634933573,0.1129497694286638,0.31967458292504813,-0.28136737357055697,-0.09782166842369311,-0.05672440255572632
298,0.2308350499894901,0.3409118859680672,0.7563217015736549,80.49537317688785,64.96770003556566,1.6449077525806342,0.11448934175483944,0.3222051554139092,0.04183228722870623,-0.033634385963529405,-0.06219459549066305
299,0.1375017166561569,0.5809118859680672,0.8848931301450835,75.53669549093743,196.5061615740272,10.291966576110044,0.11867835836536263,0.33298094389962535,-0.04986192269036431,-0.07422144937309176,-0.037944807378943
300,0.2775017166561568,0.6609118859680672,0.3706074158593691,70.99124094548289,167.27539234325798,39.11549598787475,0.11774749092327766,0.3148013989202632,0.09473944354056739,0.0740024599431752,-0.07745049791421817
301,0.4641683833228236,0.4849118859680672,0.5910155791246753,89.17305912730107,108.81385388171952,21.82137834081593,0.11588574597613575,0.2795870389661654,0.4958730938545502,-0.018255402067969956,-0.053346850746871774
302,0.3241683833228236,0.4049118859680672,0.076729864838961,98.26396821821017,152.66000772787334,36.23314304669828,0.11728196379748382,0.308117277265737,-0.10941595495066457,-0.07614129174988103,-0.04170449500117355
303,0.3863906055450459,0.5649118859680673,0.7195870076961038,52.80942276366471,138.04462311248875,30.468437164345342,0.11681652795869756,0.504621502638602,0.8274022304256002,-0.004492196566825168,-0.04547982833147521
304,0.1063906055450457,0.6449118859680671,0.2053012934103896,66.44578640002834,50.35231542018104,13.174319517286516,0.11402390634051773,0.2822874408837344,-0.2292932003791455,-0.0016681144444059515,-0.09187793459197284
305,0.2463906055450457,0.4657118859680672,0.8481584362675324,57.35487730911925,94.19846926633488,42.84559979410312,0.11402390634051773,0.283943705106419,-0.23544163145946628,-0.01764876915581535,-0.08692628896959533
306,0.4330572722117125,0.3057118859680672,0.333872721981818,84.62760458184653,21.121546189411816,16.90442332351489,0.11309311616324762,0.2349600178790309,0.00010588951837927329,-0.10467196942773195,-0.06378574503303798
307,0.2930572722117125,0.5457118859680672,0.4808114974920222,61.90033185457379,181.8907769586426,28.43383508822077,0.11821284337707666,0.32285424687211567,0.11527438467102927,0.03290370394185672,-0.06462827375906866
308,0.199723938878379,0.5137118859680672,0.7379543546348794,70.16479466449115,124.5534988521337,8.257364499985478,0.11638684357105741,0.3195901586589887,0.017915204743532455,-0.055920177680912286,-0.057922613544417786
309,0.3397239388783792,0.3537118859680672,0.2236686403491651,88.34661284630934,197.6304219290568,48.61030567645607,0.11871412926408172,0.32629976073162414,0.30441773936741695,-0.06789286440222936,-0.012525091746311808
310,0.3967609759154162,0.4337118859680672,0.8665257832063079,92.89206739176387,168.39965269828755,5.375011558809009,0.11778328478075799,0.35590473234708536,0.17820679276960286,-0.07072901569002803,-0.030986316780627753
311,0.2567609759154161,0.6737118859680672,0.5726482321858998,51.98297648267297,36.86119115982602,34.19854097057372,0.11359430340611984,0.3973012682564992,0.4181339423526243,-0.0559987350354939,-0.07956181178396166
312,0.4434276425820828,0.5297118859680672,0.4440768036144711,65.61934011903661,153.7842680829029,11.139717441161949,0.11731781179965485,0.3260282309927049,0.589400404544073,0.04002196117664517,-0.06213394589885395
313,0.1634276425820828,0.3697118859680672,0.0583625179001855,56.52843102812752,139.1688834675183,39.96324685292665,0.11685239314610399,0.28968537865031974,-0.10747126506784747,0.0005276424644097248,-0.06918262546044943
314,0.3034276425820829,0.4497118859680672,0.7012196607573282,83.80115830085478,51.47657577521064,22.66912920586783,0.11405971277633509,0.3246325604859897,-0.3352935447421038,-0.10639525954831985,-0.029513169447193503
315,0.2100943092487494,0.6897118859680672,0.8297910893287569,61.07388557358206,22.24580654444141,37.08089391175018,0.1130875200785177,0.3331262956520996,-0.38275260246299636,-0.09241561900633018,-0.0749922415345729
316,0.3500943092487495,0.4977118859680672,0.3155053750430425,74.29702606944983,80.70734500597986,31.31618802939725,0.11495783992199722,0.27415896977937043,0.21944860198199626,-0.06944940286111233,-0.0465384007935583
317,0.225649864804305,0.5777118859680672,0.0268756374337132,92.478844251268,117.8079367219562,15.717572112442223,0.11617213985786305,0.29480443682267726,-0.15438277236884543,0.008761352220273825,-0.06046745999912754
318,0.4123165314709717,0.6577118859680672,0.669732780290856,97.02429879672256,190.8848597988793,44.54110152420694,0.11849929394317503,0.38138122317683065,0.7997142444636504,0.05480976054545082,-0.06298942283855692
319,0.2723165314709716,0.3217118859680672,0.7983042088622846,65.20611697854073,103.19255210657158,18.59992505361869,0.11570661498795565,0.326469839071349,-0.0959211387755843,-0.09164486085609705,-0.0498456837892794
320,0.4589831981376384,0.4017118859680672,0.2840184945765703,56.11520788763165,30.115629029648517,7.070513288912815,0.11337941641678057,0.2605994407273718,0.14961659736990957,-0.11962817179987346,-0.041234795166016
321,0.1789831981376383,0.5617118859680672,0.559528698658203,83.38793516035892,147.0387059527254,47.42345446538341,0.11710296910470344,0.3238867491440294,0.0315467817493401,-0.08725915461147296,-0.034648790868753894
322,0.3812054203598607,0.4721118859680672,0.0452429843724887,60.6606624330862,44.73101364503312,1.3058074065598728,0.11384496287402783,0.2935694763820389,-0.1674283369279576,-0.12344718018104171,-0.06078388878460397
323,0.2412054203598605,0.3921118859680672,0.1738144129439173,69.33834838349941,15.50024441426389,9.952866230089285,0.11291399703626029,0.2505492414370977,-0.03191862847255778,-0.023948758639689025,-0.10187897764739298
324,0.4278720870265273,0.5521118859680672,0.8166715558010601,87.5201665653176,73.96178287580236,38.776395641854,0.11477577783923786,0.3311198849892772,-0.261939322993788,-0.08618668969673535,-0.0332920626038901
325,0.2878720870265271,0.5201118859680671,0.522794004780652,96.61107565622667,57.09787755035856,24.36463093597164,0.1142387704157288,0.3072882130196892,-0.10423461598201253,-0.10894352713073223,-0.04146095715889219
326,0.474538753693194,0.3601118859680672,0.3942225762092233,51.15653020168124,115.559416011897,35.894042700677524,0.11610057604042259,0.24733495045496823,0.3138025149177578,0.0027627293039752285,-0.05716713927936675
327,0.334538753693194,0.6001118859680672,0.6513654333520805,55.70198474713578,159.40556985805085,12.835219171265754,0.11749687161108217,0.36520777113793823,0.7160873713736258,0.004326416118597737,-0.054079001075899226
328,0.391575790730231,0.6801118859680672,0.1370797190663663,82.97471201986306,100.9440313965124,43.354250313134266,0.11563506704519233,0.28167930388890705,0.012111487257954285,0.0788776778758357,-0.09287427395691256
329,0.1115757907302309,0.5361118859680671,0.7799368619235091,78.4292574744085,27.86710831958934,17.41307384254603,0.11330788871336298,0.3213072837610312,-0.4787018312002101,-0.0323073466256154,-0.09238850272744707
330,0.2515757907302309,0.3761118859680672,0.2656511476377948,60.24743929259033,144.7901852426662,46.23660325431074,0.11703136028281945,0.2919961908351916,0.06577944497212534,0.0865405905321425,-0.07101942786281511
331,0.4382424573968976,0.4561118859680672,0.632998086413305,75.12347235044157,130.17480062728163,28.94248560725192,0.11656590409733246,0.2717848721138296,0.5531791882034189,0.014150311253359577,-0.06348297000539674
332,0.1582424573968976,0.6161118859680672,0.5044266578418765,70.57801780498701,42.48249293497395,20.2954267837225,0.1137733201039109,0.31974801919807555,-0.4134019643098946,-0.08791854211118902,-0.05883424602644801
333,0.2982424573968977,0.6961118859680672,0.1187123721275908,88.7598359868052,86.32864678112779,8.766015019016619,0.11516972552008287,0.2707042750961596,-0.04120560049506026,0.06357598427849123,-0.10048282937378228
334,0.2049091240635642,0.3441118859680672,0.2472838006990192,97.8507450777143,71.71326216574317,5.883662077840151,0.11470417932517173,0.2844710084414261,0.20060254679311604,-0.013326308821443722,-0.0805072453819899
335,0.3449091240635644,0.4241118859680672,0.8901409435561621,52.39619962316884,174.02095447343547,3.001309136663679,0.11796230489786196,0.3387202842941099,0.09524060490611251,-0.07523838329081602,-0.01929664274947425
336,0.3604646796191199,0.5841118859680672,0.3758552292704478,66.03256325953247,58.22213790538815,34.70719148960486,0.11427463879455213,0.25989677986192006,0.19369598398143878,-0.08751559657505127,-0.05749812486662886
337,0.4071313462857865,0.3281118859680672,0.0819776782500397,79.6689268958961,160.52983021308043,23.17777972489897,0.11753263677511222,0.3196620463957288,-0.1607003234182714,-0.06461023062909549,-0.024170488741709677
338,0.1271313462857865,0.4081118859680672,0.7248348211071824,61.48710871407793,102.068291751542,26.060132666075447,0.11567084995273937,0.3409094919723739,-0.3044626940637363,-0.07634257543389401,-0.04144266450342369
339,0.4537980129524532,0.6481118859680672,0.8534062496786111,72.23091036697049,145.91444559769582,31.82483854842839,0.11706720808723031,0.3929452033773076,0.9322096031014271,-0.003050939722568468,-0.048014917254108225
340,0.3137980129524533,0.3153118859680672,0.6146307394745295,94.95818309424322,43.60675329000353,43.52380048614464,0.11380919704237613,0.41342676007433565,0.4513050043824327,-0.04458956839964026,-0.06694434709485367
341,0.3760202351746755,0.3953118859680672,0.4860593109031009,99.50363763969776,87.45290713615736,17.582624015556412,0.11520548166652243,0.30071818024069524,-0.1538536879620016,0.047807324654525585,-0.06437955454730028
342,0.0960202351746754,0.5553118859680672,0.1003450251888152,54.049092185152304,14.375984059234302,46.40615342732112,0.11287828680454788,0.2923482361529371,-0.06744316609075837,-0.09668266167789591,-0.09079424994214792
343,0.2360202351746753,0.6353118859680672,0.7432021680459581,67.68545582151594,72.83752252077275,29.112035780262296,0.11473995522463627,0.3207467542940526,-0.24071367691905152,-0.07128080525178741,-0.0547852796951487
344,0.4226869018413421,0.5233118859680672,0.2289164537602437,58.59454673060685,175.14521482846507,20.46497695673288,0.1179981500767665,0.2654492900155798,0.05288668355208694,-0.054910133297635694,-0.0363636511601298
345,0.282686901841342,0.4433118859680672,0.3574878823316723,81.32181945787958,114.43515565686744,49.28850636849759,0.1160647525153299,0.28578217729605837,0.3718731124685589,0.056096437281420344,-0.08963163209748123
346,0.4693535685080088,0.6033118859680673,0.5778960455969785,63.1400012760614,187.5120787337905,6.053212250850531,0.11839186192347234,0.46123821953476113,0.7585331247793808,0.00044937130449047407,-0.038345244045693026
347,0.1893535685080086,0.6833118859680671,0.4493246170255499,73.20761960814254,158.28130950302128,3.1708593096740594,0.11746102366967329,0.32754869296748684,0.2441750033007815,0.057304344730773914,-0.08255829992642306
348,0.3293535685080088,0.5393118859680672,0.0636103313112642,68.66216506268799,99.8197710414828,34.87674166261524,0.11559930959854531,0.29310787505634955,-0.1758860486226362,0.011902791017326178,-0.06338920024974302
349,0.4042506878495726,0.3793118859680672,0.7064674741684069,86.84398324450618,26.742847964559758,11.81791813320347,0.11327199033669898,0.2736163079990101,0.39630077594057145,-0.055150921703751625,-0.06934202301019668
350,0.2642506878495724,0.6193118859680673,0.8350389027398356,95.93489233541528,129.05054027225205,23.34732989790935,0.11653006821713416,0.3220292075468362,-0.11578191159577571,-0.06347137047620895,-0.042278120713060516
351,0.1709173545162391,0.5073118859680672,0.5437852584249668,64.11671051723344,85.2043864260982,37.7590946037917,0.11513390948238791,0.32134831382813545,-0.23076589303009162,-0.03074073870413691,-0.07159002768343345
352,0.3109173545162392,0.3473118859680671,0.4152138298535382,55.02580142632436,12.12746334917513,31.994388721438767,0.11280658873749294,0.3313424054913332,-0.09592029248133602,-0.05512018811666185,-0.06245416646719619
353,0.4975840211829059,0.4273118859680672,0.0294995441392526,82.29852869905163,70.58900181071358,14.700271074379945,0.11466839466591815,0.30253832877674985,-0.23309715009045479,-0.09950584186605575,-0.044412210331310285
354,0.3575840211829059,0.6673118859680671,0.1580709727106812,59.5712559717789,61.5949189704769,17.921724361577173,0.11438187926695641,0.2597858768666131,-0.2163623539844365,-0.03780949290812917,-0.08544603389788927
